score,Hospital_Count,Mean_hospital_rating,Doctor_Count,Mean_doctor_rating,Dentist_Count,Mean_dentist_rating,Pharmacy_Count,Mean_pharmacy_rating,Physiotherapist_Count,Mean_physiotherapist_rating,School_Count,Mean_school_rating,University_Count,Mean_university_rating,Bookstore_Count,Mean_bookstore_rating,Museum_Count,Mean_museum_rating,Library_Count,Mean_library_rating,Bakery_Count,Mean_bakery_rating,Cafe_Count,Mean_cafe_rating,ConvenienceStore_Count,Mean_conveniencestore_rating,Food_Count,Mean_Food_rating,Supermarket_Count,Mean_supermarket_rating,MealDelivery_Count,Mean_mealdelivery_rating,Restaurant_Count,Mean_restaurant_rating,price,Rank,Neighbourhood,Latitude,Longitude,label3,label4
1.0364427255064474,60,4.263636363636363,60,4.252631578947368,17,4.0299999999999985,60,4.352777777777779,8,4.15,12.0,3.95,0.0,0.0,0.0,0.0,0.0,0.0,0.0,0.0,0.0,0.0,4.0,3.0,0.0,0.0,58.0,4.080645161290323,0.0,0.0,0.0,0.0,4.0,4.6000000000000005,2783.0,1.0,Godhavi,23.028490000000033,72.40776000000005,2,3
3.409848354332993,53,4.340000000000002,22,4.7250000000000005,11,4.0625,29,4.2785714285714285,0,0.0,5.0,4.5,0.0,0.0,0.0,0.0,0.0,0.0,0.0,0.0,1.0,0.0,4.0,4.4,0.0,0.0,60.0,4.5304347826086975,0.0,0.0,0.0,0.0,15.0,4.46,3831.0,2.0,Lambha,22.93802000000005,72.58586000000008,2,3
5.359573267986456,60,4.110810810810811,60,4.405714285714286,21,4.521428571428571,60,4.4757575757575765,5,4.7,18.0,4.211111111111111,4.0,1.0,1.0,3.0,0.0,0.0,0.0,0.0,4.0,4.6000000000000005,3.0,2.4,0.0,0.0,60.0,3.9833333333333343,3.0,0.0,0.0,0.0,25.0,3.7894736842105265,2569.0,3.0,Bareja (area),22.85570000000007,72.59490000000005,2,3
8.314850278342043,31,3.744444444444445,9,4.666666666666667,2,5.0,21,4.178571428571429,0,0.0,58.0,4.262857142857143,12.0,3.888888888888889,49.0,4.2904761904761894,11.0,4.433333333333334,3.0,4.766666666666667,31.0,4.025,43.0,4.1,1.0,0.0,60.0,3.986363636363636,38.0,4.380952380952381,1.0,5.0,38.0,3.9793103448275855,5409.0,4.0,Jholapur,23.027760000000054,72.60027000000008,0,1
8.43370560861088,0,0.0,0,0.0,0,0.0,0,0.0,0,0.0,9.0,4.3500000000000005,1.0,0.0,0.0,0.0,0.0,0.0,0.0,0.0,2.0,4.7,4.0,4.233333333333333,0.0,0.0,60.0,4.3525,0.0,0.0,0.0,0.0,39.0,3.873076923076922,4472.0,5.0,Ramol,22.982120000000066,72.66305000000007,1,2
8.740225227276264,33,4.4750000000000005,45,4.7125,12,4.8125,39,4.420833333333333,0,0.0,60.0,4.2,23.0,4.193749999999999,8.0,3.0,5.0,4.62,2.0,2.6,0.0,0.0,7.0,4.683333333333334,0.0,0.0,0.0,0.0,0.0,0.0,3.0,3.55,40.0,3.955172413793104,5534.0,6.0,Maninagar,23.005260000000078,72.60731000000004,2,1
9.382089753569074,33,4.4750000000000005,45,4.7125,12,4.8125,39,4.420833333333333,0,0.0,42.0,4.02258064516129,7.0,4.18,1.0,5.0,1.0,0.0,0.0,0.0,14.0,3.9615384615384617,10.0,4.8125,2.0,4.65,60.0,4.208000000000001,2.0,4.1,1.0,2.8,43.0,4.277142857142857,5762.0,7.0,Sardarnagar,23.081040000000034,72.62806000000006,2,3
10.598413624029272,60,4.229545454545455,60,4.275,37,4.589655172413794,60,4.463888888888889,8,4.75,39.0,4.415789473684211,5.0,3.733333333333333,1.0,5.0,0.0,0.0,1.0,5.0,0.0,0.0,0.0,0.0,0.0,0.0,58.0,4.281818181818182,0.0,0.0,0.0,0.0,49.0,3.9034482758620688,5500.0,8.0,Calico Mills (area),23.000980000000034,72.57459000000007,2,3
11.897449377518353,41,3.844,13,4.75,2,5.0,24,4.15625,0,0.0,32.0,3.8789473684210516,2.0,3.9,2.0,4.3,0.0,0.0,1.0,0.0,10.0,4.0,12.0,4.369999999999999,0.0,0.0,60.0,3.9527777777777775,5.0,4.3,0.0,0.0,56.0,3.9724999999999993,3916.0,9.0,Sarkhej,22.98058000000003,72.49398000000008,2,3
11.995561840534437,33,4.4750000000000005,45,4.7125,12,4.8125,39,4.420833333333333,0,0.0,58.0,4.262857142857143,12.0,3.888888888888889,49.0,4.2904761904761894,11.0,4.433333333333334,3.0,4.766666666666667,31.0,4.025,43.0,4.1,1.0,0.0,60.0,3.986363636363636,38.0,4.380952380952381,1.0,5.0,58.0,3.9734693877551015,555.0,10.0,Agol,23.027760000000054,72.60027000000008,0,1
12.043525231818014,60,4.293750000000001,60,4.5514285714285725,26,4.594736842105264,60,4.250000000000001,3,5.0,60.0,3.941176470588236,11.0,4.566666666666666,3.0,5.0,0.0,0.0,0.0,0.0,13.0,4.163636363636363,15.0,4.266666666666667,0.0,0.0,60.0,4.035555555555555,11.0,4.466666666666667,0.0,0.0,56.0,4.130303030303031,5472.0,11.0,Isanpur,22.97137000000004,72.59743000000003,2,3
12.1522372107891,60,4.1725,60,4.488235294117646,52,4.742857142857143,60,4.142307692307694,4,4.9,60.0,4.051351351351351,9.0,4.8,3.0,4.8,2.0,4.75,2.0,4.75,5.0,4.233333333333333,15.0,4.185714285714286,1.0,4.0,60.0,4.162790697674419,3.0,4.65,1.0,4.2,56.0,4.277777777777777,6630.0,12.0,Ranip,23.075110000000052,72.57839000000007,0,0
12.45125091300909,60,4.4387096774193555,55,4.800000000000002,12,4.29,60,4.028124999999998,1,0.0,58.0,4.262857142857143,12.0,3.888888888888889,49.0,4.2904761904761894,11.0,4.433333333333334,3.0,4.766666666666667,31.0,4.020833333333333,43.0,4.1,1.0,0.0,60.0,3.986363636363636,40.0,4.380952380952381,1.0,5.0,58.0,3.97142857142857,5409.0,15.0,Ujedia,23.027760000000054,72.60027000000008,0,1
12.45125091300909,37,3.97,5,4.95,1,4.0,18,3.9384615384615382,0,0.0,58.0,4.262857142857143,12.0,3.888888888888889,49.0,4.2904761904761894,11.0,4.433333333333334,3.0,4.766666666666667,31.0,4.025,43.0,4.1,1.0,0.0,60.0,3.986363636363636,38.0,4.380952380952381,1.0,5.0,58.0,3.9734693877551015,5409.0,15.0,Dabhoda,23.027760000000054,72.60027000000008,0,1
12.45125091300909,60,4.170454545454546,24,4.514285714285714,15,4.736363636363637,43,4.128571428571428,5,5.0,58.0,4.262857142857143,12.0,3.888888888888889,49.0,4.2904761904761894,11.0,4.433333333333334,3.0,4.766666666666667,31.0,4.020833333333333,43.0,4.1,1.0,0.0,60.0,3.986363636363636,40.0,4.380952380952381,1.0,5.0,58.0,3.97142857142857,5409.0,15.0,Polarpur,23.027760000000054,72.60027000000008,0,1
12.45125091300909,0,0.0,0,0.0,0,0.0,1,5.0,0,0.0,58.0,4.262857142857143,12.0,3.888888888888889,49.0,4.2904761904761894,11.0,4.433333333333334,3.0,4.766666666666667,31.0,4.025,43.0,4.1,1.0,0.0,60.0,3.986363636363636,38.0,4.380952380952381,1.0,5.0,58.0,3.9734693877551015,5409.0,15.0,Bahiyal,23.027760000000054,72.60027000000008,1,2
12.45125091300909,60,4.4,43,4.390322580645162,19,4.358333333333333,55,4.441666666666666,1,0.0,58.0,4.262857142857143,12.0,3.888888888888889,49.0,4.2904761904761894,11.0,4.433333333333334,3.0,4.766666666666667,31.0,4.025,43.0,4.1,1.0,0.0,60.0,3.986363636363636,38.0,4.380952380952381,1.0,5.0,58.0,3.9734693877551015,5409.0,15.0,Kharna,23.027760000000054,72.60027000000008,0,1
12.49077400726369,3,5.0,9,4.76,2,4.5,4,5.0,2,4.85,60.0,4.352272727272727,21.0,4.322222222222221,10.0,4.4,5.0,4.666666666666667,11.0,4.42,31.0,4.42,37.0,4.303846153846154,2.0,4.3,60.0,4.1179487179487175,12.0,4.366666666666666,3.0,3.9,58.0,4.090196078431372,5830.0,18.0,Naranpura,23.055060000000022,72.55557000000005,0,1
12.530860376020732,33,4.4750000000000005,45,4.7125,12,4.8125,39,4.420833333333333,0,0.0,58.0,4.262857142857143,12.0,3.888888888888889,49.0,4.2904761904761894,11.0,4.433333333333334,3.0,4.766666666666667,31.0,4.025,43.0,4.1,1.0,0.0,60.0,3.986363636363636,38.0,4.380952380952381,1.0,5.0,58.0,3.9734693877551015,6257.0,19.0,Ahmedabad Cantonment,23.027760000000054,72.60027000000008,0,1
12.533305642451792,1,0.0,3,5.0,0,0.0,1,0.0,0,0.0,45.0,3.844827586206896,8.0,4.314285714285715,8.0,3.7285714285714286,0.0,0.0,2.0,5.0,0.0,0.0,0.0,0.0,0.0,0.0,40.0,4.117857142857143,6.0,4.4,0.0,0.0,59.0,4.195454545454546,4080.0,20.0,Jawahar Chowk,23.089520000000054,72.58551000000007,1,2
12.685675805615862,60,4.48918918918919,60,4.169444444444443,32,4.942857142857143,60,4.3516129032258055,10,4.76,60.0,4.428571428571429,21.0,4.473333333333333,7.0,3.4333333333333336,3.0,0.0,7.0,4.366666666666667,24.0,4.25,15.0,4.333333333333333,0.0,0.0,60.0,3.9422222222222234,5.0,4.033333333333333,2.0,4.1,60.0,4.275,3500.0,21.0,Alam Roza,23.00212000000005,72.54979000000003,0,0
12.692716736896372,60,4.560526315789472,60,4.24423076923077,22,4.6000000000000005,60,4.2727272727272725,6,3.94,60.0,4.112500000000002,11.0,4.199999999999998,8.0,4.8,2.0,5.0,4.0,5.0,0.0,0.0,24.0,4.23076923076923,0.0,0.0,60.0,4.322222222222221,12.0,4.457142857142856,0.0,0.0,60.0,3.98,3575.0,22.0,Saraspur,23.030640000000066,72.60914000000008,2,0
12.70473325961511,60,4.204,53,4.358620689655171,9,4.775,39,3.9875,1,5.0,60.0,4.2210526315789485,11.0,4.057142857142857,10.0,3.96,0.0,0.0,4.0,4.8,29.0,4.26,20.0,4.252941176470588,0.0,0.0,58.0,4.41578947368421,7.0,4.04,3.0,3.7,60.0,4.088372093023256,3703.0,23.0,Juhapura,22.998620000000077,72.52433000000008,0,0
12.72407235086558,23,4.436842105263158,14,4.5,25,4.827777777777778,23,4.152941176470588,2,4.95,27.0,3.92,4.0,4.45,0.0,0.0,2.0,0.0,0.0,0.0,2.0,5.0,17.0,4.675,0.0,0.0,60.0,4.351162790697674,11.0,4.557142857142857,0.0,0.0,60.0,4.227272727272728,3909.0,24.0,Odhav,23.02825000000007,72.67611000000005,2,3
12.739937916017665,60,4.2254901960784315,60,4.490243902439025,28,4.347619047619048,60,4.391428571428572,8,4.675,0.0,0.0,0.0,0.0,0.0,0.0,0.0,0.0,3.0,2.5,20.0,4.208333333333333,18.0,3.925,0.0,0.0,60.0,4.163829787234043,6.0,3.6,1.0,4.0,60.0,4.004761904761905,4078.0,25.0,Naroda,23.07293000000004,72.65378000000005,2,3
12.76275053336652,60,4.564814814814816,60,4.558333333333335,34,4.6074074074074085,39,4.277272727272727,3,3.633333333333333,60.0,4.136111111111111,8.0,4.58,1.0,0.0,1.0,0.0,1.0,3.3,7.0,4.283333333333333,21.0,3.98888888888889,0.0,0.0,60.0,4.337837837837838,6.0,4.5,1.0,3.8,60.0,4.2042553191489365,4321.0,26.0,Chandlodiya,23.087290000000053,72.54899000000006,2,3
12.765379147711243,51,4.518421052631578,38,4.6863636363636365,23,4.905555555555557,46,4.4,3,4.966666666666667,54.0,4.5280000000000005,9.0,4.466666666666667,0.0,0.0,1.0,5.0,0.0,0.0,11.0,4.616666666666666,34.0,4.322727272727273,0.0,0.0,60.0,4.414285714285715,8.0,4.28,2.0,3.4,60.0,4.184782608695653,4349.0,27.0,"Gota, Gujarat",23.101730000000032,72.53900000000004,2,3
12.765473026794984,60,4.32,17,3.86,10,5.0,25,3.6588235294117655,4,3.5,58.0,4.273170731707316,2.0,5.0,5.0,4.7200000000000015,1.0,5.0,4.0,4.333333333333333,16.0,4.408333333333333,39.0,4.15,0.0,0.0,60.0,3.9027027027027015,8.0,4.55,1.0,3.9,60.0,4.0705882352941165,4350.0,28.0,Vastral,23.002380000000077,72.65865000000008,0,0
12.767820003888486,46,4.248,18,4.681818181818182,6,4.0,34,4.022222222222221,0,0.0,58.0,4.373333333333333,4.0,4.0,6.0,2.5,1.0,0.0,1.0,2.2,7.0,4.04,19.0,4.230769230769232,0.0,0.0,60.0,4.163636363636364,18.0,4.408333333333334,0.0,0.0,60.0,4.217777777777776,4375.0,29.0,Shastrinagar,23.011210000000066,72.63556000000004,2,3
12.779367131188524,60,4.451063829787233,60,4.651020408163264,60,4.806382978723405,60,4.121428571428572,11,4.814285714285714,60.0,4.0299999999999985,15.0,3.5,60.0,4.207692307692307,12.0,4.357142857142857,6.0,3.975,33.0,4.08695652173913,54.0,4.1157894736842096,1.0,0.0,60.0,4.045,34.0,4.2,2.0,4.1,60.0,4.191836734693877,4498.0,30.0,"Khadia, Ahmedabad",23.020770000000034,72.59244000000007,0,0
12.806685944556905,60,4.34047619047619,44,4.666666666666668,9,4.275,55,4.310714285714285,2,5.0,56.0,3.848148148148148,16.0,4.346153846153847,11.0,3.6333333333333337,2.0,4.65,3.0,3.25,11.0,4.2125,16.0,4.325,0.0,0.0,58.0,4.096774193548389,6.0,4.5,2.0,0.0,60.0,3.9693877551020407,4789.0,31.0,Asarwa,23.04708000000005,72.60481000000004,2,0
12.80931455890163,0,0.0,0,0.0,0,0.0,0,0.0,0,0.0,60.0,4.545945945945946,9.0,4.975,5.0,4.46,0.0,0.0,2.0,3.85,22.0,4.3157894736842115,35.0,4.4,2.0,0.0,60.0,4.104081632653061,10.0,3.983333333333334,5.0,3.9,60.0,4.180392156862745,4817.0,32.0,Bopal,23.030320000000078,72.47247000000004,1,2
12.810253349739032,60,4.2926829268292686,60,4.573333333333333,46,4.852941176470587,60,4.222857142857143,5,4.74,58.0,4.012903225806451,5.0,3.85,2.0,0.0,0.0,0.0,3.0,4.5,11.0,4.1099999999999985,29.0,4.25,1.0,4.3,60.0,3.95,4.0,5.0,0.0,0.0,60.0,4.25897435897436,4827.0,33.0,Rajpur Gomtipur,23.014650000000078,72.61543000000006,2,3
12.813445238586196,23,4.793333333333334,15,4.845454545454545,14,4.928571428571429,23,4.229411764705882,5,4.16,60.0,4.084848484848483,10.0,3.8714285714285714,4.0,4.3,0.0,0.0,3.0,4.8,25.0,3.993749999999999,25.0,4.005555555555556,1.0,4.1,60.0,4.12972972972973,4.0,3.5666666666666664,2.0,4.3,60.0,4.113953488372093,4861.0,34.0,Jivrajpark,23.006100000000053,72.53149000000008,0,0
12.817763676438243,0,0.0,0,0.0,0,0.0,0,0.0,0,0.0,60.0,4.105,8.0,4.3,12.0,4.0,5.0,4.333333333333333,2.0,4.85,17.0,4.433333333333334,21.0,4.13125,1.0,0.0,60.0,3.954761904761906,7.0,3.0,1.0,4.8,60.0,4.120930232558139,4907.0,35.0,Gita Mandir Road,23.006018549998913,72.59080240924993,1,2
12.826025035807376,1,0.0,0,0.0,0,0.0,0,0.0,0,0.0,60.0,4.202564102564103,11.0,4.875,5.0,4.233333333333333,1.0,0.0,4.0,4.9,18.0,4.36875,16.0,4.072727272727272,3.0,4.65,60.0,3.909302325581396,19.0,4.22,2.0,4.1,60.0,4.025,4995.0,36.0,Chandkheda,23.11214000000007,72.57989000000003,1,2
12.834192516092768,60,4.1535714285714285,60,4.193103448275862,15,4.575,60,4.262962962962964,0,0.0,18.0,4.7125,5.0,4.0,0.0,0.0,2.0,5.0,1.0,4.4,4.0,3.4,30.0,4.459090909090909,0.0,0.0,60.0,4.412244897959185,4.0,4.85,0.0,0.0,60.0,4.267441860465117,5082.0,37.0,Makarba,22.996920000000053,72.49837000000008,2,3
12.83560070234887,47,4.144444444444444,27,4.607692307692306,16,4.655555555555555,40,3.968181818181818,3,4.95,60.0,3.8371428571428576,11.0,4.25,10.0,4.45,3.0,3.9,4.0,3.975,14.0,4.344444444444445,25.0,4.150000000000001,1.0,0.0,60.0,4.008333333333334,15.0,4.369999999999999,0.0,0.0,60.0,4.027083333333335,5097.0,38.0,Amraiwadi,23.007350000000034,72.62268000000007,0,0
12.844143698969223,60,4.216129032258064,57,4.610526315789474,13,4.377777777777776,60,3.8259259259259264,0,0.0,60.0,4.047222222222222,26.0,4.465,13.0,3.6636363636363636,5.0,4.55,4.0,4.566666666666666,23.0,4.314285714285714,26.0,3.9157894736842103,0.0,0.0,60.0,3.7236842105263164,8.0,4.5200000000000005,5.0,3.6666666666666665,60.0,3.605882352941177,5188.0,39.0,Girdharnagar,23.050070000000066,72.59831000000008,0,1
12.850715234831034,0,0.0,1,0.0,0,0.0,2,3.5,0,0.0,60.0,4.238636363636363,22.0,4.383333333333334,16.0,4.2,4.0,4.6,5.0,4.699999999999998,0.0,0.0,0.0,0.0,3.0,4.1,40.0,3.8464285714285715,17.0,4.2799999999999985,7.0,4.128571428571428,60.0,4.138297872340426,5258.0,40.0,Vejalpur,23.007820000000038,72.51818000000003,1,2
12.858788836032685,60,4.058064516129032,60,4.3100000000000005,16,4.783333333333333,31,4.458823529411765,2,4.8,60.0,4.094285714285714,5.0,3.966666666666667,10.0,4.628571428571427,7.0,4.0,1.0,0.0,24.0,4.0625,25.0,4.105,1.0,0.0,60.0,4.130555555555556,15.0,3.7599999999999993,1.0,4.8,60.0,4.152631578947369,5344.0,41.0,"Jamalpur, Gujarat",23.01265000000007,72.58458000000007,0,0
12.863858306554652,20,3.816666666666667,15,4.136363636363637,4,4.875,19,4.042857142857144,0,0.0,45.0,3.844827586206896,8.0,4.314285714285715,8.0,3.7285714285714286,0.0,0.0,2.0,5.0,6.0,4.666666666666667,11.0,4.228571428571429,1.0,5.0,60.0,3.9317073170731702,6.0,4.4,0.0,0.0,60.0,4.193181818181818,5398.0,42.0,Sabarmati (area),23.089520000000054,72.58551000000007,2,3
12.864890976475795,60,4.319444444444445,60,4.312500000000002,30,4.657142857142857,55,4.413888888888888,4,4.825,60.0,4.233333333333333,41.0,4.266666666666667,18.0,4.333333333333333,6.0,4.2,14.0,4.366666666666668,23.0,4.236842105263158,53.0,4.591666666666666,0.0,0.0,60.0,4.383720930232559,11.0,4.414285714285714,2.0,3.9,60.0,4.136170212765959,5409.0,44.0,Kalyanpura (Ahmedabad),23.04764000000005,72.56149000000005,0,0
12.864890976475795,60,4.294444444444443,36,4.807142857142859,5,4.4,37,4.227777777777779,1,0.0,58.0,3.908333333333333,11.0,4.225,11.0,3.7571428571428567,2.0,5.0,3.0,3.5,12.0,4.19,18.0,4.5,0.0,0.0,60.0,4.392105263157895,10.0,4.257142857142857,1.0,0.0,60.0,4.102127659574469,5409.0,44.0,Asarwa Chakla,23.04225742945364,72.60456625728018,2,1
12.864890976475795,60,4.623529411764705,36,4.576190476190477,11,4.918181818181818,26,4.6000000000000005,3,4.800000000000002,48.0,3.8689655172413793,6.0,4.6,8.0,3.7285714285714286,0.0,0.0,2.0,5.0,6.0,4.666666666666667,13.0,4.075,1.0,5.0,60.0,3.99,7.0,4.533333333333334,0.0,0.0,60.0,4.195652173913044,5409.0,44.0,Kabirchowk,23.09025745274659,72.58551179799491,2,3
12.86789510715548,33,4.4750000000000005,45,4.7125,12,4.8125,39,4.420833333333333,0,0.0,60.0,4.397500000000001,17.0,4.4,6.0,3.8833333333333333,2.0,0.0,2.0,4.35,16.0,4.253846153846154,37.0,4.341666666666667,0.0,0.0,60.0,4.121739130434783,17.0,4.51,0.0,0.0,60.0,4.074999999999998,5441.0,46.0,Bapunagar,23.034760000000066,72.63024000000007,2,3
12.873527852179887,45,4.5810810810810825,43,4.6433333333333335,25,4.83,27,4.368421052631578,7,4.9,60.0,4.2475000000000005,8.0,4.74,8.0,4.025,1.0,0.0,5.0,4.324999999999998,20.0,4.26875,18.0,3.8428571428571434,0.0,0.0,60.0,4.379487179487178,6.0,4.05,2.0,4.25,60.0,4.133333333333335,5501.0,47.0,Ghatlodiya,23.07275000000004,72.54964000000007,0,0
12.876062587440872,60,4.568181818181818,60,4.548717948717949,60,4.7804878048780495,60,4.253488372093023,8,4.94,57.0,4.223809523809525,24.0,4.383333333333334,14.0,4.187499999999999,4.0,4.6,5.0,4.7,40.0,4.342857142857143,60.0,4.189361702127658,3.0,4.1,60.0,4.0425,20.0,4.283333333333333,8.0,4.071428571428571,60.0,4.101923076923076,5528.0,48.0,Anand Nagar (Ahmedabad),23.011390000000066,72.51712000000003,0,0
12.879629992622997,60,4.26304347826087,33,4.4192307692307695,27,4.699999999999998,50,3.933333333333333,10,5.0,60.0,4.136,52.0,4.239393939393938,34.0,4.05,8.0,4.416666666666667,8.0,3.75,40.0,4.042857142857144,59.0,4.4,0.0,0.0,60.0,3.896,13.0,3.85,0.0,0.0,60.0,3.976923076923077,5566.0,49.0,Ellis bridge (area),23.022390333701104,72.57669435394355,0,0
12.905540619735277,16,4.121428571428571,12,4.3500000000000005,6,4.0,15,4.62,2,4.6,42.0,4.324999999999998,7.0,3.9,6.0,3.3,9.0,4.6625000000000005,3.0,1.0,12.0,4.283333333333332,17.0,3.718181818181818,0.0,0.0,60.0,4.045454545454546,2.0,4.0,1.0,4.2,60.0,4.035999999999999,5842.0,50.0,Subhash Bridge,23.059423674819552,72.58678810329894,0,1
12.919340845045078,33,4.4750000000000005,45,4.7125,12,4.8125,39,4.420833333333333,0,0.0,60.0,4.143243243243243,23.0,3.62,60.0,4.1030303030303035,17.0,3.725,7.0,4.18,38.0,4.057142857142857,60.0,4.0219512195121965,2.0,0.0,60.0,3.985,52.0,4.25625,1.0,5.0,60.0,4.10909090909091,5989.0,51.0,Kalupur,23.02825000000007,72.59372000000008,0,1
12.930136939675194,30,3.833333333333333,12,4.433333333333334,4,4.8,18,4.1,0,0.0,60.0,3.8676470588235294,9.0,4.725,6.0,3.275,2.0,3.0,1.0,4.1,22.0,3.5142857142857147,17.0,4.0,1.0,0.0,60.0,4.2703703703703715,10.0,3.125,1.0,4.0,60.0,4.058695652173912,6104.0,52.0,Thakkar Bapanagar,23.04537000000005,72.64864000000007,0,1
12.934737014778461,60,3.967741935483872,60,4.5095238095238095,41,4.472222222222221,60,3.872413793103448,8,3.75,60.0,4.262962962962963,60.0,4.239393939393938,40.0,3.911111111111111,10.0,4.3,11.0,4.114285714285714,34.0,4.345454545454545,60.0,4.276595744680851,2.0,0.0,60.0,3.890243902439025,7.0,4.35,2.0,4.4,60.0,4.245652173913044,6153.0,53.0,Navjivan (Neighbourhood),23.044130000000052,72.56883000000005,0,0
12.93876499487165,60,4.105263157894736,52,4.6241379310344835,19,4.4,42,4.45,5,4.65,58.0,4.4305555555555545,58.0,4.416279069767441,50.0,3.878125,7.0,4.15,8.0,4.5600000000000005,18.0,4.071428571428571,60.0,4.209302325581397,3.0,4.5,60.0,3.910204081632654,16.0,3.77,9.0,4.0285714285714285,58.0,3.9818181818181824,10602.0,54.0,Mithakali,23.02851000000004,72.56525000000005,0,0
12.965529354245227,31,4.163157894736842,60,4.341379310344828,6,5.0,18,4.9,0,0.0,60.0,4.255263157894737,44.0,4.4896551724137925,9.0,3.8875,5.0,3.6,13.0,4.266666666666667,41.0,4.225806451612904,60.0,4.382978723404256,1.0,4.3,60.0,4.204761904761905,17.0,4.369230769230769,13.0,4.175,60.0,3.976363636363636,6481.0,55.0,Vastrapur,23.037170000000053,72.53085000000004,0,1
12.97379071361436,60,4.6117647058823525,40,4.44,12,4.925,27,4.6000000000000005,3,4.800000000000002,60.0,4.196969696969697,3.0,5.0,3.0,4.5,2.0,3.8,0.0,0.0,12.0,4.254545454545454,19.0,4.233333333333333,1.0,3.0,58.0,4.1641025641025635,15.0,4.3125,0.0,0.0,60.0,4.1175,6569.0,56.0,Khodiyarnagar,23.034350000000078,72.64652000000007,2,3
12.976137690707864,60,4.578571428571428,60,4.369767441860463,56,4.493548387096775,60,4.4057142857142875,10,4.542857142857144,58.0,4.440540540540541,57.0,4.294736842105263,9.0,3.55,8.0,4.85,4.0,3.8666666666666663,21.0,4.375,53.0,4.230952380952382,1.0,0.0,60.0,3.9094339622641514,6.0,4.525,5.0,3.5,60.0,4.091836734693878,6594.0,57.0,Ambawadi,23.018850000000054,72.55441000000008,0,0
12.983929654658295,60,4.333333333333333,60,4.339024390243901,60,4.643589743589743,60,4.148148148148148,14,4.762499999999998,60.0,4.025806451612904,35.0,4.075,9.0,4.425,8.0,4.366666666666666,7.0,4.46,12.0,4.2799999999999985,40.0,4.310344827586206,0.0,0.0,60.0,4.0204545454545455,4.0,4.5,0.0,0.0,60.0,4.2,6677.0,58.0,Usmanpura,23.04981000000004,72.57120000000003,0,0
12.987403180756681,60,4.233333333333333,35,4.448148148148149,26,4.769230769230768,60,4.414285714285715,3,4.85,60.0,4.4459459459459465,19.0,4.066666666666666,14.0,4.169230769230769,0.0,0.0,5.0,4.25,39.0,4.396875,51.0,4.540000000000001,0.0,0.0,60.0,4.147222222222221,9.0,3.985714285714285,2.0,4.25,60.0,4.150000000000001,6714.0,59.0,Memnagar,23.05610000000007,72.53034000000008,0,0
12.99266040944613,60,4.331034482758621,60,4.671428571428572,15,4.654545454545455,60,3.8516129032258064,2,5.0,60.0,4.002380952380953,14.0,4.31,11.0,3.783333333333333,5.0,4.566666666666666,4.0,3.675,19.0,4.473333333333333,32.0,4.447826086956521,2.0,4.3,60.0,4.236363636363638,8.0,3.675,0.0,0.0,60.0,3.9960000000000013,6770.0,60.0,Khokhra,23.00580959394864,72.61333409499983,0,0
12.99359920028353,33,4.4750000000000005,45,4.7125,12,4.8125,39,4.420833333333333,0,0.0,60.0,4.112820512820513,10.0,3.75,8.0,4.92,1.0,5.0,1.0,3.7,20.0,4.356249999999998,23.0,4.388235294117647,0.0,0.0,60.0,4.2,11.0,4.114285714285715,3.0,4.5,60.0,4.1367346938775515,6780.0,61.0,Ghodasar,22.974030000000035,72.61170000000004,0,1
13.014909752292542,17,4.672727272727274,1,1.0,2,3.0,3,4.75,0,0.0,49.0,4.404166666666667,4.0,3.7,2.0,4.5,0.0,0.0,1.0,5.0,12.0,3.5625,19.0,3.663636363636364,1.0,4.1,58.0,4.233333333333333,9.0,4.1,1.0,4.8,60.0,4.051428571428572,7007.0,62.0,Behrampura,23.002780000000033,72.57706000000006,1,2
13.027583428597461,60,4.623529411764705,36,4.576190476190477,11,4.918181818181818,26,4.6000000000000005,3,4.800000000000002,55.0,4.322222222222223,40.0,4.532142857142857,7.0,3.85,4.0,4.85,11.0,4.0285714285714285,35.0,4.3500000000000005,32.0,4.214285714285714,0.0,0.0,60.0,3.8595744680851065,8.0,4.38,4.0,4.0,60.0,4.123529411764705,7142.0,63.0,Shardanagar,23.010730000000024,72.55525000000007,0,0
13.028803856686084,48,4.0586206896551715,32,4.155555555555557,9,4.8,24,4.055555555555555,2,5.0,58.0,4.485416666666667,39.0,4.4300000000000015,11.0,4.0285714285714285,5.0,3.65,4.0,4.033333333333333,31.0,4.281481481481482,58.0,4.2745098039215685,1.0,0.0,60.0,4.282608695652174,16.0,3.855555555555555,8.0,4.25,60.0,4.1057692307692335,7155.0,64.0,"Jodhpur, Gujarat",23.02063000000004,72.52522000000005,0,0
13.084755790595208,60,4.4222222222222225,60,4.410638297872341,60,4.783333333333333,60,4.155555555555557,13,4.699999999999998,60.0,4.3048780487804885,10.0,5.0,10.0,4.428571428571427,3.0,4.2,7.0,4.716666666666667,25.0,4.21875,18.0,4.35,0.0,0.0,60.0,4.263888888888889,8.0,4.5,1.0,5.0,60.0,4.058695652173912,7751.0,65.0,Nava Vadaj,23.060240000000075,72.56671000000007,0,0
13.09217223821068,60,4.699999999999998,60,4.526190476190474,35,4.679166666666666,39,4.318518518518518,9,4.866666666666666,49.0,4.003846153846154,4.0,3.9,0.0,0.0,0.0,0.0,0.0,0.0,14.0,4.116666666666667,25.0,3.9733333333333336,0.0,0.0,58.0,3.860526315789474,2.0,5.0,0.0,0.0,60.0,4.145,7830.0,66.0,Gomtipur,23.01597000000004,72.61082000000005,2,3
13.127940169115675,3,0.0,0,0.0,0,0.0,2,3.25,0,0.0,57.0,4.629411764705883,6.0,4.300000000000002,5.0,2.5500000000000003,0.0,0.0,5.0,4.4,16.0,3.9714285714285715,35.0,4.447826086956521,0.0,0.0,60.0,4.1780487804878055,6.0,4.85,4.0,4.5,60.0,4.098181818181819,8211.0,67.0,Motera,23.103190000000037,72.60513000000003,1,2
13.13789135199213,0,0.0,0,0.0,0,0.0,0,0.0,0,0.0,60.0,3.925,10.0,3.8857142857142857,20.0,4.175,11.0,3.5111111111111115,2.0,4.5,37.0,4.0,40.0,4.248275862068966,0.0,0.0,60.0,4.0815789473684205,52.0,4.4625,1.0,0.0,60.0,4.2265306122449,8317.0,68.0,Dariapur (Ahmedabad),23.036070000000052,72.59213000000005,1,2
13.145120041440121,6,5.0,1,5.0,0,0.0,10,4.583333333333333,1,5.0,58.0,4.185714285714286,20.0,4.373333333333333,4.0,2.9333333333333336,8.0,4.642857142857143,7.0,3.333333333333333,21.0,4.249999999999999,25.0,3.957142857142857,0.0,0.0,60.0,4.124137931034483,3.0,4.55,2.0,3.75,60.0,4.066037735849056,8394.0,69.0,Shahibaug,23.057470000000023,72.59548000000007,0,1
13.189055452630507,60,4.225581395348839,60,4.41875,25,4.5600000000000005,49,4.336363636363637,3,4.95,46.0,4.510000000000002,14.0,4.581818181818182,1.0,5.0,1.0,5.0,4.0,4.333333333333333,12.0,3.8,60.0,4.2622641509433965,0.0,0.0,60.0,4.074358974358973,8.0,3.8,2.0,4.4,60.0,4.284782608695651,8862.0,70.0,Thaltej,23.050110000000075,72.51108000000005,0,0
13.199851547260623,43,4.118181818181818,14,4.942857142857143,2,4.4,20,4.257142857142857,0,0.0,60.0,4.13409090909091,25.0,4.035294117647059,12.0,3.8875,6.0,4.62,2.0,4.550000000000002,27.0,4.316666666666666,41.0,4.3375,1.0,2.5,60.0,4.18139534883721,7.0,4.0,3.0,3.55,60.0,4.033962264150944,8977.0,71.0,Bhairavnath Road,23.002575410797863,72.59815911107509,0,1
13.207737390294795,35,4.345454545454545,16,4.966666666666667,10,4.8,14,3.8615384615384616,2,5.0,60.0,4.136842105263158,18.0,4.0285714285714285,22.0,4.1647058823529415,5.0,4.5,2.0,5.0,27.0,4.0210526315789465,28.0,4.354545454545455,1.0,3.5,60.0,4.0256410256410255,24.0,4.51111111111111,0.0,0.0,60.0,4.154347826086957,9061.0,72.0,"Shahpur, Gujarat",23.035700000000077,72.58116000000007,0,1
13.409201904001142,60,4.364102564102564,60,4.4393939393939394,60,4.583333333333333,60,4.045454545454546,8,4.785714285714286,58.0,4.19375,25.0,4.3047619047619055,10.0,3.975,6.0,4.1000000000000005,2.0,0.0,13.0,3.863636363636364,28.0,4.026315789473683,0.0,0.0,60.0,4.037254901960785,8.0,4.142857142857143,1.0,4.8,60.0,4.1169811320754715,11207.0,73.0,Paldi,23.013180000000034,72.57148000000007,0,0
